{"cameraMode":{"drawMode":0,"name":"Shaded","section":"Shading Mode"},"sceneLighting":true,"audioPlay":false,"sceneViewState":{"showFog":true,"showMaterialUpdate":false,"showSkybox":true,"showFlares":true,"showImageEffects":true,"showParticleSystems":true},"in2DMode":false,"pivot":{"x":55.66017150878906,"y":-50.71045684814453,"z":1.3411144018173218},"rotation":{"x":0.21015343070030213,"y":0.7757784724235535,"z":-0.3287336826324463,"w":0.4959372878074646},"size":135.9754180908203,"orthographic":false}